localization_group,n_genes,mean_clip_enrichment,mean_expr_change,clip_p,expr_p,clip_fdr,expr_fdr,combined_fdr,neglog10_fdr,median_clip_enrichment,median_expr_change
Integral Membrane,1703,-0.036456143730148216,0.03438977119756033,3.0929231341090288e-28,0.011496828041300202,9.278769402327087e-28,0.03449048412390061,9.278769402327087e-28,27.032509618308875,-0.12734971428608227,0.03823975448720056
Nucleus,3234,0.5446183613176373,0.021137420665418783,7.970581213334232e-24,0.031071970608899196,1.1955871820001348e-23,0.04660795591334879,1.1955871820001348e-23,22.922418749718783,0.5529205211635695,0.03003081534681614
Cytoplasm,1588,0.3300977876081946,0.027871443900207404,0.6537699345472006,0.9408085749323062,0.6537699345472006,0.9408085749323062,0.6537699345472006,0.18457505555203949,0.3279662932824774,0.03205343733710328
