localization_group,n_genes,mean_clip_enrichment,mean_ribo_density_change,clip_p,ribo_p,clip_fdr,ribo_fdr,combined_fdr,neglog10_fdr,median_clip_enrichment,median_ribo_density_change
Integral Membrane,1749,0.04426719395985771,0.29367019181668264,1.5232371982657084e-112,0,4.5697115947971255e-112,0,0,Inf,0.07785119022934296,0.35116212140306713
Nucleus,3286,-0.6706349695669833,-0.3986791117796555,9.805289377197352e-37,2.600243839147541e-169,1.4707934065796028e-36,3.9003657587213116e-169,3.9003657587213116e-169,168.40889466488474,-0.6490108825485761,-0.41267236216470526
Cytoplasm,1624,-0.6848803939676528,-0.30679668807589716,6.073193791600909e-17,4.271171240499907e-18,6.073193791600909e-17,4.271171240499907e-18,4.271171240499907e-18,17.369453016418326,-0.7193534519871148,-0.31398406914544175
